id,source_website,source_label,source_url,geo_validation,author,review_date,rating,sentiment,review_text,tier1,tier2,tier3
rvw-000001,trustpilot.com,Trustpilot (adesa.com),https://www.trustpilot.com/reviews/69a08bbd39f620d2266b459e,trustpilot_us_slug,Lukas Kunis,2026-02-26,1,negative,They charge me late fee $220 no warning…. They charge me late fee $220 no warning no phone call no email scammers,Customer Service & Communication,Agent Professionalism & Responsiveness,Rude/Unhelpful Support
rvw-000002,apps.apple.com,"Apple App Store (1660253652, us)",https://apps.apple.com/us/app/id1660253652?see-all=reviews&platform=iphone&reviewId=13626502728,apple_us_store,"Anon, no nickname",2026-01-12,5,positive,"Best auction app IMO. This is a modern app that is very intuitive to navigate. It takes some getting used to because all the auctions we are used to working with are so behind on technology, but ADESA has really stepped up their game. Their recommendations are spot on with what I’m interested in, their vehicle values are very accurate and the app is really easy to use",Account / Access / Login,Password Reset & Login Troubleshooting,App Login Troubleshooting
rvw-000003,trustpilot.com,Trustpilot (adesa.com),https://www.trustpilot.com/reviews/692dd509945917edecd96467,trustpilot_us_slug,Mason P,2025-12-01,1,negative,"Adesa auto auctions consistently falls…. Adesa auto auctions consistently falls short of the standards expected from a major industry player. The lack of thorough, reliable vehicle disclosures creates an environment where buyers are left to absorb avoidable surprises. It reflects a troubling disregard for accuracy and due diligence - two qualities that should be foundational in any operation. Equally concerning is the posture of their customer support and arbitration teams. Communication is slow, solutions are superficial, and there's a pervasive sense that addressing legit issues is viewed as an inconvenience rather than a responsibility. The process feels designed to exhaust the buyer instead of resolve the problem. Overall, Adesa projects the image of a company far more invested in moving inventory than maintaining transparency, accountability, or trust. For professionals who expect consistency and integrity, this auction is not for you. This auction house demands far more patience than it ever earns. My sales rep, Jackson Taylor and his GM, Mark Wilde have mislead me and refused to help in this matter. DO NOT DO BUSINESS WITH THIS AUCTION! They will sell you JUNK under green light and high CR scores",Customer Service & Communication,Agent Professionalism & Responsiveness,Rude/Unhelpful Support
rvw-000004,trustpilot.com,Trustpilot (adesa.com),https://www.trustpilot.com/reviews/69234da7d2d2e837fa7e62fe,trustpilot_us_slug,Tony,2025-11-23,1,negative,"This adesa auto transport carrier is O…. This adesa auto transport carrier is O review. They are a big scam. Stay away gave us the run around for 2 weeks unprofessional, use other company.",Customer Service & Communication,Agent Professionalism & Responsiveness,Rude/Unhelpful Support
rvw-000005,apps.apple.com,"Apple App Store (1660253652, us)",https://apps.apple.com/us/app/id1660253652?see-all=reviews&platform=iphone&reviewId=13357070511,apple_us_store,Dealer H,2025-11-04,1,negative,"Every new update make service worse and worse. Unfortunately, every new update from Adesa makes the service worse and causes more trouble for users and dealers. It feels like the developers are intentionally making our lives harder. Whoever designed the mobile version clearly has no idea what wholesale car sales are and has probably never worked with a normal website, because most of the tools and functions available on the regular web version are simply missing in the mobile one. For example, if you’re buying a car on the regular site but suddenly need to switch to the mobile version, none of your data carries over — your lists disappear, and many essential features are gone. Since Adesa launched this new version, I personally stopped buying cars on Adesa. I used to buy exclusively through the mobile app because it was convenient, simple, and accessible. Now it’s completely the opposite — inconvenient and unusable. So I’m switching to work with Manheim instead. If Adesa ever starts thinking about making things easier for its clients and dealers — rather than harder — and begins developing features for dealers instead of against them, maybe I’ll come back. But for now, I’m not interested",Membership / Licensing / Fees & Bidding Policies,"Bidding Process, Rules and Fees",Fees
rvw-000006,apps.apple.com,"Apple App Store (1660253652, us)",https://apps.apple.com/us/app/id1660253652?see-all=reviews&platform=iphone&reviewId=13216452678,apple_us_store,CarBuyer 6767,2025-10-03,2,negative,"Used to be decent. They have made the app significantly more difficult to navigate, used to be able to find what you’d like, now they constantly shove cars down your throat that you don’t want. If you finally figure out the menu and narrow it down to cars you want to see, it crashes every time and that’s just looking at cars, forget bidding on them. Once bidding gets to the last 20 to 30 minutes or so, it slows to an absolute crawl, can’t bid, get alerted you’ve been outbid 20 minutes after the auction has ended. Adesa Clear was a good platform, now the CR’s are complete trash that don’t even represent the cars and if you are able to to see the condition it crashes at the moment you want to bid or you’ve been outbid and it doesn’t let you know. Not sure how they took something that was decent and ruined it completely, but this will likely be the downfall of Carvana, just like the retail cars they sell, not worth the attempt at all","Vehicle Pickup, Delivery and Scheduling",Delivery Coordination & Handoffs,Delivery Status and ETA
rvw-000007,trustpilot.com,Trustpilot (adesa.com),https://www.trustpilot.com/reviews/68c991a0b77ea7dac74f788a,trustpilot_us_slug,Laith Puta,2025-09-16,1,negative,"We purchased a vehicle from Adesa New…. We purchased a vehicle from Adesa New Jersey, on August 7, 2025. Absent title, It's been over 40 days and i still have not received the title. I've made multiple attempts to contact the Adesa and Headquarter and also the title department to get updates but communication has either been vague or nonexistent. They told me the seller is untouchable. Now they do not want to pay me for the shipping, they want me to take it to a different location so they can save the seller money. This situation has caused a major inconvenience.",Customer Service & Communication,Agent Professionalism & Responsiveness,Rude/Unhelpful Support
rvw-000008,trustpilot.com,Trustpilot (adesa.com),https://www.trustpilot.com/reviews/68991f62953162899705b837,trustpilot_us_slug,SONIA S,2025-08-11,1,negative,ADESA Clear. ADESA Clear: Horrible Auto Auction! STAY AWAY…BEWARE. Arbitration will find and turn all legit claims. Bought a car with leaks from ADESA Clear Los Angeles. We sent them pix and 3rd party inspection Report. Arbitration denied because their inspector was too lazy to look under the car to see the leaks.,"Lot Condition, Listing Status and related",Third-Party Inspection Authorization & Scheduling,Previewing/ Inspecting Vehicles
rvw-000009,apps.apple.com,"Apple App Store (1660253652, us)",https://apps.apple.com/us/app/id1660253652?see-all=reviews&platform=iphone&reviewId=12957633409,apple_us_store,scuba_steveeee,2025-07-31,1,negative,Terrible. First of all after i think it is totally anarchy that you cannot pull adesa reports to find the value of a car if you use the scan thing in the corner it just pulls up the ad for the car not the value . makes no sense could easily be like mmr just scan it and get a value based on what has sold recently and be able to click on that and see individual cars and what they brought especially if something may have a weird announcement like structural or something along those lines it’s impossible to figure out what they bring at adesa auctions. Then not to mention i get logged out every 20 minutes. Then they try to do something like ove but instead guess what only Carvana is aloud to list on adesa clear why is that? i wanted to get some of my stuff on that why can’t it happen ? seems like they’re trying to get rid of old junk they’re sunk in and list it for ridiculous price not to mention 90% of the cars on there are total scrap and they make it continently hard to read announcements and damages and say “green light” then it says refer to CR for disclosures which they clearly have in a hard to see area. I’m totally fed up with adesa auctions and am sick of them laughing at the little independent dealers while they count their money,"Lot Condition, Listing Status and related",Lot Condition Reporting,Lot Damage
rvw-000010,trustpilot.com,Trustpilot (adesa.com),https://www.trustpilot.com/reviews/6867d32098915b3621966a66,trustpilot_us_slug,Ezezew Biru,2025-07-04,1,negative,"I'm suspicious. I have never purchased a car from this location or of this type. I still wanted to pay, but I got the title in my name without having purchased or paid for it. Still, I was informed that I have to pay $8,000 for a vehicle at an auction in Las Vegas, while I am in St. Louis, MO. I filed a dispute stating that I have never purchased any cars from this location or of this type of vehicle, yet they still want me to pay. I have now received a title in my name without having purchased or paid for the vehicle. and do not vehicle in my position.","Title, Ownership, POA and Documentation",Title Delivery & Status,Title Not Received
rvw-000011,apps.apple.com,"Apple App Store (1660253652, us)",https://apps.apple.com/us/app/id1660253652?see-all=reviews&platform=iphone&reviewId=12812208487,apple_us_store,Just4Tee,2025-06-24,5,positive,"Just4T. This new app is definitely inconspicuous. The interface is much more difficult to navigate than the older version. Like the other reviewer mentioned, it’s nearly impossible to track cars you’re watching and wish to bid on. More importantly basic dealer friendly options(I.e Gate passes) are almost impossible to find….you’ll typically have to call individual locations for something that ought to be relatively easy to see/get in-app","Vehicle Pickup, Delivery and Scheduling",Pickup Order Management,Gate Pass Assistance
rvw-000012,play.google.com,Google Play (com.adesa.marketplace),https://play.google.com/store/apps/details?id=com.adesa.marketplace&hl=en&gl=us,google_play_us_store,Nick,2025-06-16,5,positive,return this app back for dealer block!!!,Account / Access / Login,Password Reset & Login Troubleshooting,App Login Troubleshooting
rvw-000013,apps.apple.com,"Apple App Store (1660253652, us)",https://apps.apple.com/us/app/id1660253652?see-all=reviews&platform=iphone&reviewId=12741250263,apple_us_store,2bad4me,2025-06-06,1,negative,Great way to lose some more buyers. In todays world of various platforms to purchase vehicles you would think Adesa would make it as easy as possible to search vehicles at each sale. You flip the switch to a new platform without giving us an option and allow us to voice our complaints and issues prior to switching it over. Instead you force a switch on June 2nd and make us try and figure it out. Can’t wait to see how well that works out for you. I now have to search each lane individually on new app and the picture is smaller then my Grandmas 1960 Polaroid would take. Ridiculous and disappointing guys !!!!,Account / Access / Login,Password Reset & Login Troubleshooting,App Login Troubleshooting
rvw-000014,apps.apple.com,"Apple App Store (903860668, us)",https://apps.apple.com/us/app/id903860668?see-all=reviews&platform=iphone&reviewId=12735811229,apple_us_store,Carman7700,2025-06-04,5,positive,I am seeing all bad reviews fro the new app. Please don’t take this one away. Everyone is complaining how awful the new app is. I want to kept this old one because everyone says it’s better. Why did you make a new adesa clear app and it be worse than this app? I don’t understand. I’ve been with adesa since 1989,Account / Access / Login,Password Reset & Login Troubleshooting,App Login Troubleshooting
rvw-000015,apps.apple.com,"Apple App Store (903860668, us)",https://apps.apple.com/us/app/id903860668?see-all=reviews&platform=iphone&reviewId=12606364986,apple_us_store,uncle boogie,2025-05-01,5,positive,"Mobile app smoothnes. Not sure why but the adesa mobile app just cruises through all tabs of the app and into simulcast mode smoother than a 2001 Lincoln town car on the highway compared to the multi misfiring manheim app that delays,and sometimes freezes freezes while bidding(lost a couple bids thank you) as if lits using dialup technology! Surprised it doesn’t come with the traditional fax machine transmitting noise. Great job adesa mobile app👍🏽","Vehicle Pickup, Delivery and Scheduling",Tow and Storage Charges,Tow and Storage Fees
rvw-000016,reddit.com,Reddit r/regina,https://www.reddit.com/r/regina/comments/1k9mhxn/adesa_private_guys/,mixed_source_ok,Top-Shoulder-1086,2025-04-28,,negative,"ADESA private guys? Hello. Wife needs a new (to her) vehicle, and just wondering if anyone knows of a private contact who can purchase from an ADESA auction here. I was given the name of a buyer in Saskatoon years ago, who would send you info on the vehicles and then purchase them for a nominal fee. But again that was years ago. Just wondering if anyone has a contact who could do that here that I could touch base with.",Customer Service & Communication,Agent Professionalism & Responsiveness,Rude/Unhelpful Support
rvw-000017,play.google.com,Google Play (com.adesa.marketplace),https://play.google.com/store/apps/details?id=com.adesa.marketplace&hl=en&gl=us,google_play_us_store,Roland Royce,2025-04-23,1,negative,fees fees everywhere and TOO HIGH FEES!,Membership / Licensing / Fees & Bidding Policies,"Bidding Process, Rules and Fees",Fees
rvw-000018,play.google.com,Google Play (com.adesa.marketplace),https://play.google.com/store/apps/details?id=com.adesa.marketplace&hl=en&gl=us,google_play_us_store,Derrick Mckeehan,2025-04-23,5,positive,"Newer version has less bugs, works better a must for a Adesa buyer!",Account / Access / Login,Password Reset & Login Troubleshooting,App Login Troubleshooting
rvw-000019,reddit.com,Reddit r/carflipping,https://www.reddit.com/r/carflipping/comments/1jq4yqw/buying_from_auctions_like_adesa/,mixed_source_ok,Intrepid-Produce-570,2025-04-03,,positive,"Buying from auctions like ADESA Hey all I’ve been buying and selling cars for a bit now all off of facebook,craigslist etc Im In bradenton-sarasota area in Florida would like to start buying vehicles from auctions. I heard not so many good things about auctions like copart so I wanted to buy from different auctions like maybe ADESA, which there is one near me, anybody know if there are any brokers like autobidmaster that can let you buy there? I dont know if autobidmaster will let you or not. But adesa seems like its different from copart you cant even see their cars if you dont have an account with access. Also have enough savings to probably get a dealers license and maybe get a very small office/shop to start so that is another possibility, but need some guidance as to what is enough to get started with a dealers license. Appreciate any possible help",Membership / Licensing / Fees & Bidding Policies,"Bidding Process, Rules and Fees",How to Bid (First Time)
rvw-000020,reddit.com,Reddit r/techsupport,https://www.reddit.com/r/techsupport/comments/1jdy7cq/help_i_have_an_important_auction_on_adesacom/,mixed_source_ok,Mysterious_Sea_6564,2025-03-18,,positive,Help I have an important auction on adesa.com tommarow and need to get this issue fixed asap! I changed our internet router to a newer xfinity box and internet works great but I’m not able to open adesa.com for some wierd reason?!the website opens fine but when I click the login it says “403 Forbidden”. Does anyone have any idea what to do? When I ran it on my hotspot it opened and logged in just fine.,Account / Access / Login,Password Reset & Login Troubleshooting,App Login Troubleshooting
rvw-000021,reddit.com,Reddit r/TorontoDriving,https://www.reddit.com/r/TorontoDriving/comments/1j4hkrh/license_plates_recommended_by_not_mandatory/mga1q9r/,mixed_source_ok,Historical-Foot-5946,2025-03-06,,positive,I worked at a dealership we never put plates on. Amount of times I made it from adesa auction in Brampton to Georgetown never got caught.,"Vehicle Pickup, Delivery and Scheduling",Tow and Storage Charges,Tow and Storage Fees
rvw-000022,reddit.com,Reddit r/Quantisnow,https://www.reddit.com/r/Quantisnow/comments/1ihh5eo/adesa_expands_new_online_wholesale_auction_product/,mixed_source_ok,Quantisnow,2025-02-04,,positive,ADESA Expands New Online Wholesale Auction Product,Membership / Licensing / Fees & Bidding Policies,"Bidding Process, Rules and Fees",How to Bid (First Time)
rvw-000023,reddit.com,Reddit r/Salary,https://www.reddit.com/r/Salary/comments/1iczsin/22m_used_car_dealer/m9xcktu/,mixed_source_ok,FastEquipment2330,2025-01-30,,negative,Oh from buying from auction. I don’t buy from copart. There are dealer auctions where they will scan the car for you l. It’s a whole different ball game I use ACV. They scan the car on their inspection. My next favorite is adesa. Some cars show obd codes. Some don’t but if there is a check engine they’ll state it along with any other mechanical issues of the car I stay away from Manheim unless I feel like taking a trip to see cars the day of I use Iaai but only buy from insurance companies,"Lot Condition, Listing Status and related",Third-Party Inspection Authorization & Scheduling,Previewing/ Inspecting Vehicles
rvw-000024,reddit.com,Reddit r/carflipping,https://www.reddit.com/r/carflipping/comments/1ich9iu/what_auctions_do_you_use/m9qtzog/,mixed_source_ok,metaphysicalreason,2025-01-29,,negative,"You can do copart or iaai if your nearby location allows no dealers license sales. Just be aware of the absolutely astronomical fees. Or look for local public auto auctions. All of the big auction houses (manheim, adesa, acv (online)) all require a dealers license. Depending on your state, the repo lane may be open to the public.",Membership / Licensing / Fees & Bidding Policies,"Bidding Process, Rules and Fees",Fees
rvw-000025,play.google.com,Google Play (com.adesa.marketplace),https://play.google.com/store/apps/details?id=com.adesa.marketplace&hl=en&gl=us,google_play_us_store,Mr Make It Happen,2025-01-26,5,positive,"great app, better auction than Manheim",Account / Access / Login,Password Reset & Login Troubleshooting,App Login Troubleshooting
rvw-000026,trustpilot.com,Trustpilot (adesa.com),https://www.trustpilot.com/reviews/678fec9583acd94818fec8d6,trustpilot_us_slug,customer,2025-01-21,1,negative,"I have purchased numerous of cars…. I have purchased numerous of cars online from ADESA clear. They supposed to have a link description of the damages and problems with the car as well as what works. I have purchased cars that they said was in running condition and had few codes which wasn't major. upon paying for the cars, I have run into cars with bad transmissions, some where the sound doesn't work and some, had engines wasn't any good. So, when you do arbitration on the cars that has severe issue that wasn't described they won't honor the mistake of the member of their origination slackness and tells you basically you have to fix the issue yourself. That totally bad business knowing that, if a dealer is purchasing cars at an offsite that no one is allowed on the see or check the car out the information on the car needs to be accurate. These people are rip offs and need to pay for taking folks hard earn money. I paid $7k for a Hyundai Genesis that has a bad head unit that wasn't described in the damages description, and was told by ADESA clear they don't cover the entertainment system. Hyundai dealer said is going to cost $2300 to fix. SMH this extremely bad business Carvana.","Lot Condition, Listing Status and related",Lot Condition Reporting,Lot Damage
rvw-000027,play.google.com,Google Play (com.adesa.marketplace),https://play.google.com/store/apps/details?id=com.adesa.marketplace&hl=en&gl=us,google_play_us_store,Dark Wolf,2024-12-19,1,negative,You guys messed up the app it won't load and constantly crashes,Account / Access / Login,Password Reset & Login Troubleshooting,App Login Troubleshooting
rvw-000028,reddit.com,Reddit r/SouthFlorida,https://www.reddit.com/r/SouthFlorida/comments/1h1qacv/looking_for_a_job_for_my_dad/lzgfvj1/,mixed_source_ok,KronZed,2024-11-28,,positive,"Yea man, same with my grandfather when I was a kid. I thought his job was so random as a kid (driving cars to Manheim / adesa auctions) As an adult I happened to end up in the auto industry and while it’s not a main part of my job I do manage two teams of mostly seniors who just drive around for 8 hours a day. Most of em are pretty happy just to be doing something during the day. And they get to drive cool cars / listen to music and chill with out people in similar situations",Customer Service & Communication,Agent Professionalism & Responsiveness,Helpful Support Experience
rvw-000029,reddit.com,Reddit r/icbc,https://www.reddit.com/r/icbc/comments/1gw2ag0/my_buddy_crashed_how_do_i_get_his_parts/,mixed_source_ok,SSBUplayer,2024-11-20,,negative,"My buddy crashed, how do i get his parts One of my close friends just got into a crash and his car is like 95% going to be totalled. He has the exact transmission I’ve been looking for. Once icbc totals it out is there any way to be the first to have a crack at it? Its totalled due to quarter panel damage so should I just watch adesa auctions. Any insight helps as I really know little about car insurance and its intricacies, Thanks!","Lot Condition, Listing Status and related",Lot Condition Reporting,Lot Damage
rvw-000030,reddit.com,Reddit r/GXOR,https://www.reddit.com/r/GXOR/comments/1gtt4fq/would_you_buy_a_gx470_that_previously_came_from_a/lxp04tu/,mixed_source_ok,4runner4lifee,2024-11-18,,positive,"I worked for carmax, carmax is the worst place to buy your cars in their lot! Carmax goes to adesa auctions and buys cars from there! They are cheaper to buy from there. Then they transfer them to Carmax. Also carmax buys cars from people that trade in their car for cash or trade. When cars are above 100k they don’t put it their lot. They send it to their auctions Carmax auctions. The best think to do is , do you’re own proper inspections or take it to a certified mechanic to have them check it out. Make sure it’s not your mechanic or his. Be fair! Let the mechanic do his job and go from there. Don’t also low ball people. Also a big 1 don’t waste peoples time!","Lot Condition, Listing Status and related",Third-Party Inspection Authorization & Scheduling,Previewing/ Inspecting Vehicles
rvw-000031,reddit.com,Reddit r/Business_Ideas,https://www.reddit.com/r/Business_Ideas/comments/1gnbj70/what_would_you_do_with_130k/lwd1mec/,mixed_source_ok,Ok-Explanation-6770,2024-11-10,,positive,"Patch test 50k I have had experience with auto rentals Buy your self 5 10k cars 2012-2014 to start on turo Or buy in payments 5 cars mid sized cars or small suvs go for mid sized sedans they have alot of demand by medical staffing agencies And traveling nurse type Customer Use em fir the first 10-20k miles it depends on ur risk tolerance and sell Greattttt FAAAAT Return if u know how to digital marketing and are proactive about getting ur cards/referral coupon with other shops eg mechanic ,hotels etc and if u know anyone that runs small businesses eg donut shop anything near an airport trwillur only problem will be doing the paperwork correctly from how many customers u will be getting and Resolving insurance claims if any arise as long as u don't stray from the routine important stuff u will be good Best advice I can add to that is get the auto dealer licence and the auto rental licence by two different people including ur self or by the same person again it all depends on what u know and who u know Alot of explanation that wouldn't fit but if u do so u will save tonsssss and make even more the margins are going to be way better U can use adesa ,manhiem ,aaa , and the new one acv auctions Manhiem will probably price abit higher but the bulk total is more than the rest",Customer Service & Communication,Agent Professionalism & Responsiveness,Helpful Support Experience
rvw-000032,play.google.com,Google Play (com.adesa.marketplace),https://play.google.com/store/apps/details?id=com.adesa.marketplace&hl=en&gl=us,google_play_us_store,Philippe Bastardo,2024-10-22,1,negative,"SEPTEMBER 24 THE APP CRASH EVERY TIME I USED, EVERYTIME I USED I HAVE TO LOG IN AGAIN, SEND ME A CODE AND CRASH AGAIN",Account / Access / Login,Password Reset & Login Troubleshooting,App Login Troubleshooting
rvw-000033,reddit.com,Reddit r/Honda,https://www.reddit.com/r/Honda/comments/1dvb83f/bought_a_2013_civic_with_about_165000_miles_i/lbrgoue/,mixed_source_ok,Kstotsenberg,2024-07-05,,positive,$7650 - max trade $8917 - suggested retail - $9352 fair market purchase Kbb app - 2013 civic ex w/ 165k no adds for any options Yesterday I did an lx and came within 1k of each figure. Don’t start with me cause I’ll get the NADA figures and if you really want I’ll pull the past purchases straight from my sales rep at adesa. In my market this is not unrealistic. I don’t know where you are but it’s not here if you think that. If you’re really in the business slogging it out at the auctions and on the lot like I am every fucking week and you’ve seen the mess that this market is with quality used car shortages then you wouldn’t have thought anything about a 1k over suggested retail price tag.,"Vehicle Pickup, Delivery and Scheduling",Delivery Coordination & Handoffs,Delivery Status and ETA
rvw-000034,reddit.com,Reddit r/askcarsales,https://www.reddit.com/r/askcarsales/comments/1cblbtg/am_i_able_to_sue_the_auction_for_this/l0z7153/,mixed_source_ok,AutoModerator,2024-04-24,,negative,"***Thanks for posting, /u/Prorawdawger! This comment is a copy of your post so readers can see the original text if your post is edited or removed. This comment is NOT accusing you of anything.*** Im a small used car dealer and I mainly from American auto and adesa in my area (FL). But for once this week I decided let me give manheim auction a try, which is really one of the main auction in the whole dealer industry. So I buy this vehicle which had Condition report of 3.0, not bad but needed some TLC, and it had no reported Structure issues on the report nor on the bid. When I got to pick up the car, I saw the engine started making weird noise which obviously wasn’t there when I tested it. This was one of my biggest losses although it was buy of under $5000, but whatever you lose some I guess. So I decided to leave it at the auction Same day again to sell for a loss. And I come to find out this time when they did a condition report they reported the car had structural damage. I have evidence of both reports. There has to be something I’m able to do right? *I am a bot, and this action was performed automatically. Please [contact the moderators of this subreddit](/message/compose/?to=/r/askcarsales) if you have any questions or concerns.*",Customer Service & Communication,Agent Professionalism & Responsiveness,Rude/Unhelpful Support
rvw-000035,reddit.com,Reddit r/askcarsales,https://www.reddit.com/r/askcarsales/comments/1cblbtg/am_i_able_to_sue_the_auction_for_this/,mixed_source_ok,Prorawdawger,2024-04-24,,negative,"Am I able to sue the auction for this? Im a small used car dealer and I mainly from American auto and adesa in my area (FL). But for once this week I decided let me give manheim auction a try, which is really one of the main auction in the whole dealer industry. So I buy this vehicle which had Condition report of 3.0, not bad but needed some TLC, and it had no reported Structure issues on the report nor on the bid. When I got to pick up the car, I saw the engine started making weird noise which obviously wasn’t there when I tested it. This was one of my biggest losses although it was buy of under $5000, but whatever you lose some I guess. So I decided to leave it at the auction Same day again to sell for a loss. And I come to find out this time when they did a condition report they reported the car had structural damage. I have evidence of both reports. There has to be something I’m able to do right?","Lot Condition, Listing Status and related",Lot Condition Reporting,Lot Damage
rvw-000036,apps.apple.com,"Apple App Store (903860668, us)",https://apps.apple.com/us/app/id903860668?see-all=reviews&platform=iphone&reviewId=11177208557,apple_us_store,Sirwan6T6,2024-04-19,5,positive,"I like the app tools and options, but. I hope they can add a option button when the seller asking for more money so I can make the counter offer at that moment while I am buying online from the app",Account / Access / Login,Password Reset & Login Troubleshooting,App Login Troubleshooting
rvw-000037,apps.apple.com,"Apple App Store (903860668, us)",https://apps.apple.com/us/app/id903860668?see-all=reviews&platform=iphone&reviewId=11092217633,apple_us_store,nozis_way,2024-03-27,5,positive,"Great & Helpful. It’s great to use the week before each sale, it gives prices of cars sold previously. Allows you to save search results and create lists which gives you daily updates. 10 times easier to use than Manheim’s Application. This app makes my car buying process quicker, easier, and more efficient",Customer Service & Communication,Agent Professionalism & Responsiveness,Helpful Support Experience
rvw-000038,bbb.org,BBB Complaints,https://www.bbb.org/us/fl/tampa/profile/auto-auction/adesa-tampa-0653-24838/complaints#0653_24838_21320603,bbb_us_business,BBB complainant,2024-02-22,1,negative,"Service or Repair Issues. My business and myself, REMOVED have fallen victim to identity theft. From the information provided to me was that a bid was placed on a vehicle through ADESA TAMPA and apparently ""won"" . It was an online bid, that I have no knowledge of, did not authorize nor get any information about this BID placed until it was ""won"". I contacted ADESA support, the head office, the seller of the vehicle etc to which all said the bid/sale needed to be VOIDED. However, the only place with the power to do that is ADESA TAMPA. I have completed and provided to them a identity theft report with the REMOVED To which, REMOVED the REMOVED at TAMPA will not do anything to VOID this transaction. Which is what needs to be done as this was not on behalf of me or my company and the vehicle technically hasn't even been purchased yet because money has not been exchanged, which is why it can be voided.",Customer Service & Communication,Agent Professionalism & Responsiveness,Rude/Unhelpful Support
rvw-000039,reddit.com,Reddit r/askcarsales,https://www.reddit.com/r/askcarsales/comments/1avc5vj/autodealer_looking_to_share_auction_datamaybe/kr9ij6y/,mixed_source_ok,AutoModerator,2024-02-20,,positive,"***Thanks for posting, /u/more---cowbell! This comment is a copy of your post so readers can see the original text if your post is edited or removed. This comment is NOT accusing you of anything.*** hi i'm an (wholesale) autodealer based in los angeles and looking to share manheim adesa etc auction data (recent sales prices etc) as well as upcoming cars on the block and the manheim reports that are produced for most cars (detailed pdfs of car condition) for people interested. i'm considering doing this as a loss leader to establish myself with people and perhaps start bringing folks to auctions where i'd buy a car for the customer direct for a small (\~3.5-5%) markup. if interested in seeing data or maybe buying something as described please dm me email. lmk which make you're interested in. for now planning on doing only for porsche, jeep and tesla but possibly open to others. *I am a bot, and this action was performed automatically. Please [contact the moderators of this subreddit](/message/compose/?to=/r/askcarsales) if you have any questions or concerns.*",Customer Service & Communication,Agent Professionalism & Responsiveness,Helpful Support Experience
rvw-000040,reddit.com,Reddit r/carscirclejerk,https://www.reddit.com/r/carscirclejerk/comments/1avc6cm/autodealer_looking_to_share_auction_datamaybe/,mixed_source_ok,more---cowbell,2024-02-20,,positive,"autodealer - looking to share auction data/maybe bring people to auctions hi i'm an (wholesale) autodealer based in los angeles and looking to share manheim adesa etc auction data (recent sales prices etc) as well as upcoming cars on the block and the manheim reports that are produced for most cars (detailed pdfs of car condition) for people interested. i'm considering doing this as a loss leader to establish myself with people and perhaps start bringing folks to auctions (socal only of course) where i'd buy a car for the customer direct for a small (\~3.5-5%) markup. if interested in seeing data or maybe buying something as described please dm me email. lmk which make you're interested in. for now planning on doing only for porsche, jeep and tesla but possibly open to others.",Customer Service & Communication,Agent Professionalism & Responsiveness,Helpful Support Experience
rvw-000041,reddit.com,Reddit r/askcarsales,https://www.reddit.com/r/askcarsales/comments/1avc5vj/autodealer_looking_to_share_auction_datamaybe/,mixed_source_ok,more---cowbell,2024-02-20,,positive,"autodealer - looking to share auction data/maybe bring people to auctions hi i'm an (wholesale) autodealer based in los angeles and looking to share manheim adesa etc auction data (recent sales prices etc) as well as upcoming cars on the block and the manheim reports that are produced for most cars (detailed pdfs of car condition) for people interested. i'm considering doing this as a loss leader to establish myself with people and perhaps start bringing folks to auctions where i'd buy a car for the customer direct for a small (\~3.5-5%) markup. if interested in seeing data or maybe buying something as described please dm me email. lmk which make you're interested in. for now planning on doing only for porsche, jeep and tesla but possibly open to others.",Customer Service & Communication,Agent Professionalism & Responsiveness,Helpful Support Experience
rvw-000042,reddit.com,Reddit r/whatcarshouldIbuy,https://www.reddit.com/r/whatcarshouldIbuy/comments/1avc565/autodealer_looking_to_share_auction_datamaybe/,mixed_source_ok,more---cowbell,2024-02-20,,positive,"autodealer - looking to share auction data/maybe bring people to auctions hi i'm an (wholesale) autodealer based in los angeles and looking to share manheim adesa etc auction data (recent sales prices etc) as well as upcoming cars on the block and the manheim reports that are produced for most cars (detailed pdfs of car condition) for people interested. i'm considering doing this as a loss leader to establish myself with people and perhaps start bringing folks to auctions where i'd buy a car for the customer direct for a small (\~3.5-5%) markup. if interested in seeing data or maybe buying something as described please dm me email. lmk which make you're interested in. for now planning on doing only for porsche, jeep and tesla but possibly open to others. (note i posted more/less same message under different username \[winter\_living\_6491\] a few days back... im new to reddit and wanted to build a UN i actually like... and, well... more cowbell!)",Customer Service & Communication,Agent Professionalism & Responsiveness,Helpful Support Experience
rvw-000043,reddit.com,Reddit r/askcarsales,https://www.reddit.com/r/askcarsales/comments/19cwuwd/bought_used_car_as_is_dealer_lied_about_damage/kj278bf/,mixed_source_ok,Sharp429,2024-01-22,,positive,At my dealership auto check was a joke and never reliable. Sometimes it’s announced true but who knows what auction it was like Manheim or adesa or some low budget one that could miss stuff. He could ask to see the page with the CR,Membership / Licensing / Fees & Bidding Policies,"Bidding Process, Rules and Fees",How to Bid (First Time)
rvw-000044,reddit.com,Reddit r/FordRaptor,https://www.reddit.com/r/FordRaptor/comments/17ygzuu/is_this_a_good_deal_gen_1_raptor_2011_with_roush/ka844cw/,mixed_source_ok,Prestigious_Ride_380,2023-11-21,,negative,Just go check adesa auction history data. Plenty of stolen raptors that were sold recently. I’m not going to go out of my way for ya bud. You whine louder then the blower on my R.,Membership / Licensing / Fees & Bidding Policies,"Bidding Process, Rules and Fees",Fees
rvw-000045,play.google.com,Google Play (com.adesa.marketplace),https://play.google.com/store/apps/details?id=com.adesa.marketplace&hl=en&gl=us,google_play_us_store,Rabiel Smith,2023-11-05,5,positive,Great App!! Smooth browsing.,Account / Access / Login,Password Reset & Login Troubleshooting,App Login Troubleshooting
rvw-000046,reddit.com,Reddit r/legaladvice,https://www.reddit.com/r/legaladvice/comments/17mm075/bought_a_car_from_a_dealers_few_weeks_ago_and_i/k7pzd0x/,mixed_source_ok,CAT-DRUG-DEALER,2023-11-03,,positive,"&gt; you're losing income because of their mistake. The dealer could've literally just hopped onto the weekly auction at their local carmax/adesa/manheim, bought a car at wholesale, got the paperwork from the auction place, and still had no clue that there was a lien involved. CarMax will often wholesale cars and NOT give the title with the car at the time of sale. Sometimes the titles need to get sent via fedex from across the country. This can also impact the dealer's ability to see if a lien is involved. Depending on what state OP is in, dealerships sometimes aren't required to report wholesale deals between them and auctions/other dealers/wholesalers. This is the point where liens can get uncovered, but dealers aren't necessarily legally required to take these steps. BUT, when the dealer went to transfer the car into OP's name after the sale, their local DOL/DMV agent would've basically said ""sorry, we can't do this until the lien is released."" Depending on where OP is, the dealer likely had something like 45 days to transfer registration, so this could have been such a fresh sale that it was never uncovered. Now, if OP can find proof of a different scenario then that's another story. If the dealer took a car in on trade, knew it had a lien, never paid that lien off, and resold the car to OP then OP should have an easy case.",Customer Service & Communication,Agent Professionalism & Responsiveness,Helpful Support Experience
rvw-000047,reddit.com,Reddit r/turo,https://www.reddit.com/r/turo/comments/159dn0g/which_is_the_best_place_to_buy_used_cars_for_turo/jthx5fg/,mixed_source_ok,Deep_Educator6725,2023-07-26,,negative,Manheim or adesa. you can rent dealer's license (they add you as employee) for $3\~400 a month or some charges $200 flat per car. Dealer you're renting license from will purchase with your cash. You will have to pay the auction fee as well.,Membership / Licensing / Fees & Bidding Policies,"Bidding Process, Rules and Fees",Fees
rvw-000048,reddit.com,Reddit r/AskReddit,https://www.reddit.com/r/AskReddit/comments/159q08t/nsfw_people_who_knew_someone_who_died_at_work/jthuzog/,mixed_source_ok,[deleted],2023-07-26,,negative,"Worked as a security guard for Adesa back in 2008. Was making a routine walk-through of auction bays when I heard a loud noise about 100ft behind me. Turned around a saw broken cinder blocks everywhere. At first, I thought they fell from above but then saw the other side of the wall and realized a truck hit and broke through the wall. When I walked up to the scene I realized there was someone under those cinderblocks. Immediately clicked that this person was literally just put through a brick wall. I was the first one on the scene, so I started to remove the cinderblocks from the guy, but man, once I saw his caved-in skull blood spurting out and his guts bulging in his neck (his guts were forced up into his neck on impact) I knew there was nothing that could be done. The absolute worst part was I had a bunch of people that gathered around the scene, not sad, surprised, or mortified just almost amused and all fighting to take pictures...I almost lost it. Some people man. Article: http://transportfool.com/auto-transport/tragedy-at-adesa-auto-auction/","Vehicle Pickup, Delivery and Scheduling",Scheduled Pickup Status,Missed/ Delayed Pickup and Dispatch Window
rvw-000049,play.google.com,Google Play (com.adesa.marketplace),https://play.google.com/store/apps/details?id=com.adesa.marketplace&hl=en&gl=us,google_play_us_store,David Kooper,2023-07-12,1,negative,Updated now does not work not happy,Account / Access / Login,Password Reset & Login Troubleshooting,App Login Troubleshooting
rvw-000050,reddit.com,Reddit r/carflipping,https://www.reddit.com/r/carflipping/comments/14p5rwy/looking_to_connect/,mixed_source_ok,Royal_Quail_6332,2023-07-03,,positive,"Looking to connect Hello guys. I just got my dealer license and have currently been selling retail 1 car a week as I am small but I am looking to grow and sell to resellers for smaller profits but quicker flips I am located in socal (Orange County) I currently buy from adesa, Manheim, and Carmax auctions. Feel free to msg me and see if we can do business together.",Membership / Licensing / Fees & Bidding Policies,Auction Eligibility & Licensing,Unable to Bid
rvw-000051,play.google.com,Google Play (com.adesa.marketplace),https://play.google.com/store/apps/details?id=com.adesa.marketplace&hl=en&gl=us,google_play_us_store,Maarten,2023-06-11,1,negative,"""Error, please make sure you have an internet connection and the latest version""...... How about you stop screwing around with this app and make it work. You think I can't tell if I have internet??? Blame the customer! Why not, seems to work for these big corps nowadays.",Account / Access / Login,Password Reset & Login Troubleshooting,App Login Troubleshooting
rvw-000052,reddit.com,Reddit r/Shortsqueeze,https://www.reddit.com/r/Shortsqueeze/comments/13y8j6b/you_guys_think_cvna_is_gonna_rip_again_today_got/jmlhscv/,mixed_source_ok,Queasy_Question2059,2023-06-02,,positive,"Absolutely I have been playing it since $8 a share. Its over 50% shorted and its squeezing. I was in the auto industry 10 years with them buying adesa auctions they secured the banks working with them. Think about this adesa is the largest used car auction in the US if banks close in cvna they crash the whole used car market because adesa goes down too then they have no way off even selling the inventory because the value on all of those vehicles drop to nothing. Thats why the insiders have been buying in this whole year. They also have increased profit, loss per share last year and year before was 2.50 to 2.8 in average, now its 1.5. This is gonna make a full recovery in my opinion, its in the best interest for the banks and them that way and its set up for a huge squeeze now","Lot Condition, Listing Status and related",Listing Status,Selling/ Relisting vehicle or Parts purchase
rvw-000053,play.google.com,Google Play (com.adesa.marketplace),https://play.google.com/store/apps/details?id=com.adesa.marketplace&hl=en&gl=us,google_play_us_store,Jeff P,2023-06-01,4,positive,Still has operational glitches,Account / Access / Login,Password Reset & Login Troubleshooting,App Login Troubleshooting
rvw-000054,reddit.com,Reddit r/askcarsales,https://www.reddit.com/r/askcarsales/comments/13gwp9c/question_adesa_public_auction_prices/,mixed_source_ok,rafacena,2023-05-13,,positive,"Question- Adesa Public Auction Prices Hi, I am thinking of getting my next car at an Adesa public auction either in DC or Cincinnati. Does anyone know if the cars there sell for below market value or if they sell around market value? I am talking about the cars that are in good condition and have an Autograde of 4.0 and above. I am a private buyer so I don't plan on repairing the car in any way.","Lot Condition, Listing Status and related",Lot Condition Reporting,Lot Damage
rvw-000055,play.google.com,Google Play (com.adesa.marketplace),https://play.google.com/store/apps/details?id=com.adesa.marketplace&hl=en&gl=us,google_play_us_store,jessica mccarthy,2023-04-18,1,negative,App keep crashing after log in its not opening,Account / Access / Login,Password Reset & Login Troubleshooting,App Login Troubleshooting
rvw-000056,play.google.com,Google Play (com.adesa.marketplace),https://play.google.com/store/apps/details?id=com.adesa.marketplace&hl=en&gl=us,google_play_us_store,Melvin Klippenstein,2023-03-25,1,negative,"amount we pay on auction fees and living in 2023. It's super amazing how dated and how often the app crashes etc. Overall it's okay but please stay on top of it and listen to the complaints and fix it. The location app is not working well. It's zoomed out like crazy and when you try and find a car and than you play with the zoom it gives an error message. Also add the feature that we can message auctioneer from our app in simulcast , same as desktop also add finger print login.",Membership / Licensing / Fees & Bidding Policies,"Bidding Process, Rules and Fees",Fees
rvw-000057,trustpilot.com,Trustpilot (adesa.com),https://www.trustpilot.com/reviews/640980f4b9e599ad609ead2a,trustpilot_us_slug,Sandra Yu-Andrishak,2023-03-09,5,positive,"trustworthy and professional. On Feb 15, I called ADESA Edmonton and and left a message about auction my car. Mr. Lars Eivinsen called me back and asked me to fill out the application and he sent two gentlemen to pick up the car from my place. On Feb 21, Tuesday, Lars called informing me the car was sold at much higher price. I was given the choices to either pick up the cheque myself or by mail. Due to the distance, I asked him to mail the cheque. On March 8, I texted Lars letting him know that I was still waiting for the cheque. Lars texted me to confirm my address; then, he called letting me know he would reprint the cheque and has the cheque delivered to me the same day. Yes, I got the cheque and the bill of sale at 4:05pm, I really appreciate ADESA's car auction service, making car buying/selling easy. With my own experience, I trust the company, especially Mr. Lars Eivinsen. They had done what they promised. Thank you all!",Customer Service & Communication,Case Resolution Quality,Issue Not Resolved
rvw-000058,reddit.com,Reddit r/Wrangler,https://www.reddit.com/r/Wrangler/comments/119rf4p/any_tips_tricks_be_ready_fors_this_is_my_first/j9p509f/,mixed_source_ok,Abersss,2023-02-23,,positive,"The seller is probably gonna counter at like $8k watch. I wouldn’t pay it bro. I’ve got better deals on jeeps on offerup and Craigslist. Just wait it out, go to adesa on Friday and keep hitting the auctions. Sometimes cars are cheaper out in adesa.",Membership / Licensing / Fees & Bidding Policies,"Bidding Process, Rules and Fees",How to Bid (First Time)
rvw-000059,reddit.com,Reddit r/funny,https://www.reddit.com/r/funny/comments/116zd4x/how_to_know_a_company_is_going_under/j99f034/,mixed_source_ok,Brice92Partain,2023-02-20,,positive,If they had not bought adesa they would be cash poor but able to survive. Buying the auction house didn’t work because they used static thinking meaning “we’ll buy the auction house and we will get all the best vehicles to sell” and that is ignorant thinking because dealers are not going to waste time or money buying from their direct competitor when said competitor keeps all the good stuff for themselves. Besides Adesa was second tier in my opinion. It was a short sighted decision to try and gain market share and it is taking them down. I don’t wish for people to lose their jobs but the company has been run into the ground by executive management,Customer Service & Communication,Agent Professionalism & Responsiveness,Helpful Support Experience
rvw-000060,trustpilot.com,Trustpilot (adesa.com),https://www.trustpilot.com/reviews/63e5f51f745e480021a07c28,trustpilot_us_slug,Claude McClain,2023-02-10,1,negative,Worst experience I ever had. Worst experience I ever had. The management team has no idea what goes on right under there own noses.The cars are over priced junkers. Which have to be driven across a busy road with no license plate or insurance.,Customer Service & Communication,Agent Professionalism & Responsiveness,Rude/Unhelpful Support
rvw-000061,play.google.com,Google Play (com.adesa.marketplace),https://play.google.com/store/apps/details?id=com.adesa.marketplace&hl=en&gl=us,google_play_us_store,A A,2023-02-08,1,negative,"Worst app ever, ""vehicle not found"", if you like uninstalling and reinstalling every time you get this message (which is every day) then this is the app for you",Account / Access / Login,Password Reset & Login Troubleshooting,App Login Troubleshooting
rvw-000062,play.google.com,Google Play (com.adesa.marketplace),https://play.google.com/store/apps/details?id=com.adesa.marketplace&hl=en&gl=us,google_play_us_store,Manual Steve,2023-02-01,1,negative,For a auction that makes millions a month of us dealers you guys can't figure out how to clean all the bug issues you guys have with this app? Come on its 2023 guy spending some money on this app it freezes way to much . Then it errors like crazy making us delete the app then re download for it to work....,Account / Access / Login,Password Reset & Login Troubleshooting,App Login Troubleshooting
rvw-000063,play.google.com,Google Play (com.adesa.marketplace),https://play.google.com/store/apps/details?id=com.adesa.marketplace&hl=en&gl=us,google_play_us_store,don hanson,2023-01-25,1,negative,Shittiest app ever n I can't log in,Account / Access / Login,Password Reset & Login Troubleshooting,App Login Troubleshooting
rvw-000064,play.google.com,Google Play (com.adesa.marketplace),https://play.google.com/store/apps/details?id=com.adesa.marketplace&hl=en&gl=us,google_play_us_store,Sergio Silva,2023-01-19,1,negative,"Same issue as others have reported: Vehicle not found error: need to sign out and back in each time, but the app gives you no indication of this requirement.",Account / Access / Login,Password Reset & Login Troubleshooting,App Login Troubleshooting
rvw-000065,play.google.com,Google Play (com.adesa.marketplace),https://play.google.com/store/apps/details?id=com.adesa.marketplace&hl=en&gl=us,google_play_us_store,Bradfrd Kosokowsky,2023-01-12,2,negative,"""Vehicle not found"" when you click on it!!!???!! This is an auction to bid on vehicles ffs. It's pretty crucial you fix this already",Membership / Licensing / Fees & Bidding Policies,"Bidding Process, Rules and Fees",Fees
rvw-000066,play.google.com,Google Play (com.adesa.marketplace),https://play.google.com/store/apps/details?id=com.adesa.marketplace&hl=en&gl=us,google_play_us_store,Shoaib C,2023-01-08,1,negative,Each update progressively just gets worst. logs you out every hour Crashes often Doesnt let me log in unless I reinstall every few days.,Account / Access / Login,Password Reset & Login Troubleshooting,App Login Troubleshooting
rvw-000067,reddit.com,Reddit r/vancouver,https://www.reddit.com/r/vancouver/comments/100vhep/recommendations_for_place_that_will_buy_used_cars/j2k53tm/,mixed_source_ok,xlxoxo,2023-01-01,,positive,Might want to add Adessa to quickly clear your vehicle as part of your research. - https://www.adesa.ca/auction_location/adesa-richmond/ - https://www.youtube.com/watch?v=xvwvkOlTZQc,Membership / Licensing / Fees & Bidding Policies,"Bidding Process, Rules and Fees",How to Bid (First Time)
